'1','8436016090087','Faba Asturiana DO - Tierrina Vaqueira - 1Kg - Estuche Cartón','Faba Asturiana DO - Extra - Estuche de Cartón 1kg. Tierrina Vaqueira','1.00','0.00','24.00','0.00','0.00','11','0'
'2','8436016090018','Faba Asturiana DO - Tierrina Vaqueira - 1Kg - Saquete Tela','Faba Asturiana DO - Extra - Saquete de tela 1kg. Tierrina Vaqueira','1.00','0.00','0.00','0.00','0.00','11','0'
'3','8436027260028','Faba Ast. DO - TIERRA ASTUR - 1Kg  - Saquete Tela','Faba Asturiana DO - Extra - Saquete de tela 1kg. "Tierra Astur"','1.00','25.00','0.00','0.00','0.00','11','0'
'5','8436016090094','Faba Asturiana DO - Extra -"TIERRINA VAQUEIRA"  Estuche 500 g. ','Estuche cartón Faba Asturiana DO -"TIERRINA VAQUEIRA"  -  500g. ','0.50','0.00','0.00','0.00','0.00','11','0'
'6','8436016090827','Faba Ast. DO - Extra "SABROSONA" Saquete tela 500gr. ','Faba Asturiana DO - Extra - Saquete tela 500gr. Sabrosona','0.50','50.00','0.00','0.00','0.00','11','0'
'7','8436016090032','Faba Asturiana DO - Extra - Saco 5kg Tierrina Vaqueira','Faba Asturiana DO - Extra - Saco 5kg Tierrina Vaqueira','5.00','0.00','0.00','0.00','0.00','11','0'
'8','8436016090049','Faba Asturiana DO - Extra - Saco 10kg Tierrina Vaqueira','Faba Asturiana DO - Extra - Saco 10kg Tierrina Vaqueira','10.00','27.00','0.00','0.00','0.00','11','0'
'9','8436016090803','Paquete vacio Faba Asturiana DO - Extra - Envase  200 gr.','Paquete vacío "Tierrina Vaqueira" Faba Asturiana DO - Extra - Envase 200 gr.','0.20','0.00','0.00','0.00','0.00','11','0'
'10','8436016090810','Paquete Vacio "Tierrina Vaqueira" Faba Asturiana DO - Extra - Envase 400 g.','Faba Asturiana DO - Extra - Envase 400 g.','0.40','0.00','0.00','0.00','0.00','11','0'
'11','18436016095027','Alubias Fabada Granja I. Extra - 10kg.','Alubias Fabada Granja I. - Extra  - Saco 10kg.','10.00','0.00','0.00','0.00','0.00','12','0'
'12','8436016095034','Alubias Fabada Granja I. Extra -  15kg.','Alubias Fabada Granja I. - Extra  - Saco 15kg.','15.00','13.00','0.00','0.00','0.00','12','1'
'13','8436016095041','Alubias Fabada  Granja I. - Extra - 25kg.','Faba de Granja I. - Extra A - Saco 25kg.(Blancos)','25.00','175.00','0.00','0.00','0.00','12','1'
'14','18436016095065','Alubias Fabada Granja I. Extra  -  50kg.','Alubias Fabada Granja I. - Extra  - Saco 50kg.','50.00','0.00','0.00','0.00','0.00','12','0'
'15','18436016095027','Alubias Fabada Granja I. Primera A -  10kg.','Alubias Fabada Granja I. - Extra B - Saco 10kg.','10.00','0.00','0.00','0.00','0.00','12','0'
'16','8436016095034','Alubias Fabada Granja I. Primera A -  15kg.','Alubias Fabada Granja I. - Extra B - Saco 15kg.','15.00','113.00','0.00','0.00','0.00','12','1'
'17','8436016095129','Alubias Fabada Granja I. Primera A -  25kg.','Alubias Fabada Granja I. - Extra B - Saco 25kg.','25.00','6.00','0.00','0.00','0.00','12','1'
'18','8436016095136','Alubias Fabada Granja I. Primera A -  50kg.','Alubias Fabada Granja I. - Extra B - Saco 50kg.','50.00','0.00','0.00','0.00','0.00','12','0'
'19','18436016095027','Alubias Fabada Granja I. - Primera -  10kg.','Alubias Fabada Granja I. - Primera - Saco 10kg.','10.00','0.00','0.00','0.00','0.00','12','0'
'20','8436016095034','Alubias Fabada Granja I. - Primera -  15kg.','Alubias Fabada Granja I. - Primera - Saco 15kg.','15.00','15.00','0.00','0.00','0.00','12','1'
'21','8436016095041','Alubias Fabada Granja I. - Primera -  25kg.','Alubias Fabada Granja I. - Primera - Saco 25kg.','25.00','12.00','0.00','0.00','0.00','12','1'
'22','18436016095065','Alubias Fabada Granja I. - Primera -  50kg.','Alubias Fabada Granja I. - Primera - Saco 50kg.','50.00','0.00','0.00','0.00','0.00','12','0'
'23','18436016095027','Alubias Fabada Granja I. - Segunda - 10kg.','Alubias Fabada Granja I. - Segunda - Saco 10kg.','10.00','0.00','0.00','0.00','0.00','12','0'
'24','8436016095034','Alubias Fabada Granja I. - Segunda - 15kg.','Alubias Fabada Granja I. - Segunda - Saco 15kg.','15.00','0.00','0.00','0.00','0.00','12','0'
'25','8436016095041','Alubias Fabada Granja I. - Segunda -  25kg.','Alubias Fabada Granja I. - Segunda - Saco 25kg.','25.00','74.00','0.00','0.00','0.00','12','1'
'26','18436016095065','Alubias Fabada Granja I. - Segunda - 50kg.','Alubias Fabada  Granja I. - Segunda - Saco 50kg.','50.00','0.00','0.00','0.00','0.00','12','0'
'27','8436016095396','Faba de Granja I. - Destrio - Saco 25kg.','Faba de Granja I. - Destrio - Saco 25kg.','25.00','0.00','0.00','0.00','0.00','12','0'
'28','8436016090131','Saquete "Orbayu" Alubias Fabada Granja I. - Extra   -  500 gr. ','Saquete "Orbayu" Faba de Granja I. - Extra   -  500 gr. ','0.50','0.00','0.00','0.00','0.00','12','0'
'29','8436016090148','Saquete "Orbayu" " Alubias Fabada Granja I. - Extra   - 700gr. ','Saquete "Orbayu" Faba de Granja I. - Extra   - Saquete tela 700gr.','0.70','0.00','0.00','0.00','0.00','12','0'
'30','8436016090124','Saquete "Orbayu" Alubias Fabada  Granja I. - Extra A  - 1 Kg. ','Saquete "Orbayu" Faba de Granja I. - Extra A  - 1 Kg.','1.00','0.00','0.00','0.00','0.00','12','0'
'31','18436016095010','Alubias Fabada Granja I. - Extra -5kg. ','Faba de Granja I. - Extra   - Saco 5kg. ','5.00','0.00','0.00','0.00','0.00','12','1'
'32','8436016090513',' Alubias Fabada Granja I.- Extra -  Bolsa 500gr. ','Bolsa Plástico con etiqueta Faba de Granja I.- Extra  -  500gr.','0.50','0.00','0.00','0.00','0.00','12','0'
'33','8436016090506','Alubias Fabada Granja. (1:1) - Bolsa 1 Kg. ','Bolsa Plástico con Etiqueta- Faba de Granja I. - Extra A- Primera A - 1 Kg. ','1.00','0.00','0.00','0.00','0.00','12','0'
'34','8436016090605','Paquete Vacio "Orbayu" Alubia de Granja I.- Envase  200gr ','Paquete Vacio "Orbayu" Faba de Granja I. -primera A - Envase  200gr ','0.20','0.00','0.00','0.00','0.00','12','0'
'35','8436016090612','Paquete Vacio "Orbayu" Faba de Granja I. - Extra A Extra B - Envase  400 g.','Paquete Vacio "Orbayu" Faba de Granja I. - Extra A Extra B - Envase  400 g.','0.40','0.00','0.00','0.00','0.00','12','0'
'36','8436016090209','Alubias Fabada Granja I.- Extra   - La Aldea 500gr.','Faba de Granja I. - Extra A  - Saquete tela 500gr. La Aldea','0.50','0.00','0.00','0.00','0.00','12','0'
'37','8436016090216','Alubias Faba  Granja I. - Extra La Aldea 1kg. ','Alubias Faba Granja I. - Extra A  - Saquete tela 1kg. La Aldea','1.00','0.00','0.00','0.00','0.00','12','0'
'38','8436016095426','Alubias Fabada Granja Nacional - Extra  10kg.','Faba Granja Nacional - Extra  - Saco 10kg.','10.00','1.00','0.00','0.00','0.00','12','1'
'39','18436016095433','Alubias Fabada Granja Nacional - Extra  15kg.','Faba Granja Nacional - Extra  - Saco 15kg.','15.00','0.00','0.00','0.00','0.00','12','1'
'40','18436016095440','Alubias Fabada Granja Nacional - Extra  - Saco 25kg.','Faba Granja Nacional - Extra - Saco 25kg.','25.00','0.00','0.00','0.00','0.00','12','1'
'41','18436016095464','Alubias Fabada Granja Nacional - Extra  -  50kg.','Faba Granja Nacional - Extra  - Saco 50kg.','50.00','0.00','0.00','0.00','0.00','12','0'
'42','18436016095525','Alubias Fabada Granja Nacional - Primera A - Saco 10kg.','Faba Granja Nacional(Granjilla) - Primera A- Saco 10kg.','10.00','0.00','0.00','0.00','0.00','12','0'
'43','8436016095525','Alubias Fabada Granja Nacional - Primera - Saco 15kg.','Faba Granja Nacional(Granjilla) - Primera - Saco 15kg.','15.00','0.00','0.00','0.00','0.00','12','0'
'44','18436016095549','Alubias Fabada Granja Nacional - Primera A- Saco 25kg.','Faba Granja Nacional(Granjilla) - Primera A - Saco 25kg.','25.00','0.00','0.00','0.00','0.00','12','0'
'45','8436016095549','Alubias Fabada Granja Nacional - Primera - Saco 50kg.','Faba Granja Nacional -(Granjilla) - Saco 50kg.','50.00','0.00','0.00','0.00','0.00','12','0'
'46','8436016095600','Alubias Fabada Granja Nacional - Primera - Saco 10kg.','Faba Granja Nacional - (Manchada) Primera - Saco 10kg.','10.00','0.00','0.00','0.00','0.00','12','0'
'47','8436016095617','Alubias Fabada Granja Nacional - Primera - Saco 15kg.','Faba Granja Nacional - (Manchada)primera - Saco 15kg.','15.00','0.00','0.00','0.00','0.00','12','0'
'48','8436016095624','Alubias Fabada Granja Nacional - Primera - Saco 25kg.','Faba Granja Nacional - (Manchada)primera - Saco 25kg.','25.00','0.00','0.00','0.00','0.00','12','0'
'49','8436016095631','Alubias Fabada Granja Nacional - Segunda - Saco 50kg.','Faba Granja Nacional - (Manchada)Segunda - Saco 50kg.','50.00','0.00','0.00','0.00','0.00','12','0'
'50','8436016095693','Faba Granja Nacional - Destrio - Saco 25kg.','Faba Granja Nacional - Destrio - Saco 25kg.','25.00','0.00','0.00','0.00','0.00','12','0'
'56','18436016095706','Alubias Fabada Verdina Asturiana - Extra - 10kg.','Faba Verdina Asturiana - Extra - Saco 10kg.','10.00','0.00','0.00','0.00','0.00','14','1'
'57','28436016095703','Alubias Fabada Verdina Asturiana - Extra -  15kg.','Faba Verdina Asturiana - Extra - Saco 15kg.','15.00','8.00','0.00','0.00','0.00','14','1'
'58','38436016095700','Alubias Fabada Verdina Asturiana - Extra -  25kg.','Faba Verdina Asturiana - Extra - Saco 25kg.','25.00','0.00','0.00','0.00','0.00','14','1'
'59','48436016095707','Alubias Fabada Verdina Asturiana - Extra -  50kg.','Faba Verdina Asturiana - Extra - Saco 50kg.','50.00','0.00','0.00','0.00','0.00','14','1'
'60','8436016095815','Alubias Fabada Verdina Asturiana - Primera A-  10kg.','Faba Verdina Asturiana -(Blanqueada-Siembra) - Saco 10kg.','10.00','0.00','0.00','0.00','0.00','14','0'
'61','8436016095808','Faba Verdina Asturiana - Primera - Saco 5kg.','Faba VerdinaAsturiana(Blanqueada-Siembra) - Saco 5kg.','5.00','0.00','0.00','0.00','0.00','14','0'
'62','8436016095822','Faba Verdina Asturiana - Primera - Saco 25kg.','Faba Verdina asturiana (Blanqueada-Siembra) - Saco 25kg.','25.00','0.00','0.00','0.00','0.00','14','1'
'63','8436016095709','Faba Verdina Asturiana- Extra - Saco 4  kg.','Faba Verdina Asturiana Extra - Saco 4 kg.','4.00','0.00','0.00','0.00','0.00','14','0'
'64','8436016097017','Faba Fresca - Extra - Bolsa plástica 2.5kg.','Faba Fresca - Extra - Bolsa plástica 2.5kg.','2.50','0.00','20.00','0.00','0.00','13','0'
'65','8436016097024','Faba Fresca - Extra - Bolsa plástica 0.5kg. (Muestra)','Faba Fresca - Extra - Bolsa plástica 0.5kg. (Muestra)','0.50','0.00','0.00','0.00','0.00','13','0'
'66','8436016097000','Faba Fresca - Extra - . Bolsa Plástica 1 kg','Faba Fresca - Extra - . Bolsa Plástica 1 kg','1.00','0.00','0.00','0.00','0.00','13','0'
'67','18436016097014','Agrupación Faba Fresca - Extra - Caja 10 kg. 2.5 x 4 uds.','Faba Fresca - Extra - "Tierrina Vaqueira" Caja Cartón 10 kg.','10.00','5.00','0.00','0.00','0.00','13','0'
'68','8436016097505','Faba Fresca en Vaina - Extra - Caja  plástica plegable 15kg.','Faba Fresca en Vaina - Extra - Caja  plástica plegable 15kg.','15.00','0.00','0.00','0.00','0.00','13','0'
'71','18436016090824','Agrupación Fabes D.O. "SABROSONA" 500 g.','Saco  10 uds x 500 g. Fabes Den.Origen. Marca "Sabrosona"','5.00','0.00','0.00','0.00','0.00','11','0'
'72','18436016090084','Agrupación  - Faba D.O. "TIERRINA VAQUEIRA"  1 Kg.','Caja Expositor  Faba Asturiana D.O. 12 Uds. x 1 Kg.','12.00','2.00','0.00','0.00','0.00','11','0'
'73','28436016090098','Agrupación  Faba D.O. "Tierrina Vaqueira" 24 uds x 500 g. ','Caja Expositor  Faba Asturiana Den.Origen 24 Uds. x 500 g.','12.00','60.00','0.00','0.00','0.00','11','0'
'74','0000000000074','Paquete Compango para Fabada Asturiana(1-1-1) Al vacio','Paquete Compango para Fabada Asturiana(1-1-1) Al vacio','0.25','0.00','0.00','0.00','0.00','8','0'
'75','8436016096003','Saco Faba Amarilla ( Roxa) Nacional-10 Kg','Saco 10 Kg. Faba Roxa Nacional','10.00','0.00','0.00','0.00','0.00','15','0'
'76','8436016096010','Saco Faba Amarilla(Roxa) Nacional 15 Kg ','Saco Faba Amarilla(Roxa) Nacional 15 Kg ','15.00','0.00','0.00','0.00','0.00','15','0'
'77','8436016096027','Saco Faba Amarilla(Roxa) Nacional 25 Kg ','Saco Faba Amarilla(Roxa) Nacional 25 Kg ','25.00','0.00','0.00','0.00','0.00','15','0'
'78','8436016096058','Saco Alubia Amarilla redonda León 10 Kg ','Saco Alubia Amarilla redonda León 10 Kg ','10.00','0.00','0.00','0.00','0.00','15','0'
'79','8436016096065','Saco Alubia Amarilla redonda León 15 Kg ','Saco Alubia Amarilla redonda León 15 Kg ','15.00','11.00','0.00','0.00','0.00','15','0'
'80','8436016096102','Saco Alubia Pinta redonda 15 Kg','Saco Alubia Pinta redonda 15 Kg','15.00','0.00','0.00','0.00','0.00','22','0'
'81','8436016096157','ALUBIA PINTA redonda saco 15 Kg  PV','ALUBIA PINTA redonda saco 15 Kg  PV','15.00','41.00','0.00','0.00','0.00','22','1'
'82','8436016096201','ALUBIA CANELA saco 15 Kg. PV','ALUBIA CANELA saco 15 Kg. PV','15.00','136.00','0.00','0.00','0.00','16','1'
'83','8436016096256','Saco Alubia Morada redonda  15 Kg ','Saco Alubia Morada redonda  15 Kg ','15.00','0.00','0.00','0.00','0.00','19','0'
'84','8436016096300','Saco Alubia Morada larga  15 Kg ','Saco Alubia Morada larga  15 Kg ','15.00','0.00','0.00','0.00','0.00','19','0'
'85','8436016096355','Saco Alubia Caparrón Larga  15 Kg.','Saco Alubia Caparrón Larga  15 Kg.','15.00','0.00','0.00','0.00','0.00','17','0'
'86','8436016096409','Saco Alubia Mandilín -(Caparron redonda)  15 Kg.','Saco Alubia Mandilín -(Caparron redonda)  15 Kg.','15.00','0.00','0.00','0.00','0.00','17','0'
'87','8436016096454','Saco Alubia Palmeña redonda 15 Kg.','Saco Alubia Palmeña redonda 15 Kg.','15.00','0.00','0.00','0.00','0.00','21','0'
'88','8436016096508','Saco Alubia Palmeña larga 15 Kg.','Saco Alubia Palmeña larga 15 Kg.','15.00','0.00','0.00','0.00','0.00','21','0'
'89','28436016096557','FRIJOL NEGRITO Saco 15 Kg.','FRIJOL NEGRITO Saco 15 Kg.','15.00','106.00','0.00','0.80','0.00','23','1'
'90','8436016096607','Saco Alubia Negra Tolosana 10 Kg.','Saco Alubia Negra Tolosana 10 Kg','10.00','13.00','0.00','0.00','0.00','20','0'
'91','8436016096652','Saco Soja Mungo 15 Kg','Saco Soja Mungo 15 Kg','15.00','11.00','0.00','0.00','0.00','24','0'
'92','8436016096751',' Alubia Riñón (canellini) saco 15 Kg. PV',' Alubia Riñón (canellini) saco 15 Kg. PV','15.00','133.00','0.00','0.00','0.00','28','1'
'93','8436016096850','Saco Judión Grande 15 Kg.','Saco Judión Grande 15 Kg.','15.00','0.00','0.00','0.00','0.00','29','0'
'94','8436016096881','Saco Judión Mediano 15 Kg.','Saco Judión Mediano 15 Kg.','15.00','0.00','0.00','0.00','0.00','29','0'
'95','8436016096904','Saco Alubia Planchada 15 Kg','Saco Alubia Planchada 15 Kg','15.00','0.00','0.00','0.00','0.00','25','0'
'96','8436016096935','Saco Alubia Plancheta 15 Kg.','Saco Alubia Plancheta 15 Kg.','15.00','0.00','0.00','0.00','0.00','26','0'
'97','8436016096966','Saco Alubia redonda Blanca 15 Kg.','Saco Alubia redonda Blanca 15 Kg.','15.00','0.00','0.00','0.00','0.00','27','0'
'98','8436016094009','LENTEJA PARDINA  saco 15 Kg. PV','LENTEJA PARDINA  saco 15 Kg. PV','15.00','228.00','0.00','0.00','0.00','32','1'
'99','8436016094054','Saco Lenteja Castellana 15 Kg','Saco Lenteja Castellana 15 Kg','15.00','0.00','0.00','0.00','0.00','32','0'
'100','8436016094108','Garbanzo Pedrosillano Nacional - 15 Kg','Garbanzo Pedrosillano Nacional- saco 15 Kg. PV','15.00','442.00','0.00','0.00','0.00','31','1'
'101','8436016094153','Saco Garbanzo Castellano Gordo 15 Kg','Saco Garbanzo Castellano Gordo 15 Kg','15.00','0.00','0.00','0.00','0.00','31','0'
'102','8436016094207','Saco Garbanzo Castellano Mediano 15 Kg','Saco Garbanzo Castellano Mediano 15 Kg','15.00','0.00','0.00','0.00','0.00','31','0'
'103','8436016098106','Bolsa Harina Maíz 1 Kg.','Bolsa Harina Maíz 1 Kg','1.00','347.00','0.00','0.00','0.00','33','0'
'104','8436016098144','Bolsa Harina Maíz  "Torrada"  1 Kg.','Bolsa Harina Maíz "Torrada"  1 Kg.','1.00','0.00','0.00','0.00','0.00','33','0'
'105','8436016094702','Saco Arroz Redondo 15 Kg.','','15.00','0.00','0.00','0.00','0.00','30','0'
'106','','Saco sin marca 80x45','','25.00','0.00','0.00','0.00','0.00','1','0'
'107','8436016092005','Alubias Fabada granja I Extra-PrimeraA 1:1(sin envase)','null','25.00','0.00','0.00','0.00','0.00','12','0'
'108','','Faba granja importación extra','','0.00','0.00','0.00','0.00','0.00','12','0'
'109','8436016095457','Alubias Fabada Granja Nacional Extra. -Saco 25 Kg','Faba Granja Nacional Extra. Saco 25 Kg-  Sin Marca','25.00','486.00','0.00','0.00','12.19','12','1'
'111','28436016094102','Saco Garbanzo Pedrosillano-Cat. Extra- 15 Kg','Saco Garbanzo Pedrosillano-Cat. Extra- 15 Kg','15.00','0.00','0.00','0.00','0.00','31','0'
'112','8436016093002','Palet Faba Granja Extra A-800 Kg.','Palet Faba Granja Extra A-800 Kg.','800.00','0.00','0.00','0.00','0.00','12','0'
'113','18436016090146','Agrupación Faba Granja "Orbayu" 700 gr','Caja expositor faba granja "Orbayu" 21 uds x 700 gr','14.70','0.00','0.00','0.00','0.00','12','0'
'114','8436016090094','Estuche Faba Asturiana Den. Origen 500 g. "Tierrina Vaqueira"','Estuche Faba Asturiana Den. Origen 500 g. "Tierrina Vaqueira"','0.50','0.00','264.00','0.00','0.00','11','0'
'115','8436016096898','Judión granja Saco 25Kg','Judión Granja saco 25 Kg','25.00','12.00','0.00','0.00','0.00','29','1'
'116','8436016092302','null','null','25.00','0.00','0.00','3.50','0.00','12','0'
'117','8436016095037','Alubias Fabada Granja Primera A  4:1(saco 25Kg)','Alubias fabada granja Primera A-4:1 (saco25Kg)','25.00','0.00','0.00','87.50','0.00','12','1'
'118','8436016092203','Alubias Fabada Granja Extra A3:1(sin envase)','Faba Granja Extra A3:1(sin envase)','1.00','0.00','0.00','3.50','0.00','12','0'
'119','8436016095037','Saco Faba Granja Extra A3:1 (25Kg)','Saco Faba Granja Extra A3:1 (25Kg)','25.00','0.00','0.00','0.00','0.00','12','0'
'120','8436016090520','Alubias Granjilla I','Bolsa 1Kg- Faba Granjilla ','1.00','0.00','0.00','0.00','0.00','12','0'
'121','8436016090070','Faba Asturiana DO-Extra-Saco 50 Kg "Tierrina Vaqueira"','Faba Asturiana DO-Extra-Saco 50 Kg "Tierrina Vaqueira"','50.00','0.00','0.00','0.00','0.00','11','0'
'122','0000000000122','Alubias Fabada Granja Nacional-Extra -Saquete 0.5 Kg','Faba Granja Nacional-Extra A-Saquete 0.5 Kg transparente','0.50','0.00','0.00','0.00','0.00','12','0'
'123','8436016090216','Alubias Faba Granja I-Primera A- La Aldea 1Kg ','Alubias Faba Granja I- Extra B- Saquete Tela 1 Kg La Aldea','1.00','0.00','0.00','0.00','0.00','12','0'
'124','84360160903008','Alubias Granjilla Nacional','Faba Asturiana Primera A','1.00','0.00','0.00','0.00','0.00','12','0'
'125','8436016098007','Preparado fabada asturiana (2-3 rac)','paquete compango   faba granja vacío 450g','0.45','0.00','170.00','0.00','0.00','8','0'
'126','0000000000126','Alubias "Especiales para Fabada"-Nacional- Bolsa 1Kg','Alubias "Especiales para Fabada"-Nacional- Bolsa 1Kg','1.00','310.00','0.00','0.00','0.00','12','0'
'127','18436016095010','Alubias Fabada granja I-Primera A- 5Kg','Faba Granja I- Extra B-saco 5KG','5.00','0.00','0.00','0.00','0.00','12','1'
'128','8436016090209','Alubias Fabada Granja I-La Aldea 500 gr','Saquete Faba Granja I-Extra B-La Aldea 500 gr','0.50','0.00','0.00','0.00','0.00','12','0'
'129','8436016090131','Saquete "Orbayu" Alubias Fabada Granja I-Primera-500 gr','Saquete "Orbayu" Faba Granja I-Extra B- 500 gr','0.50','0.00','0.00','0.00','0.00','12','0'
'130','8436016090124','Saquete "Orbayu" Alubias Fabada Granja I-Primera- 1Kg','Saquete "Orbayu" Faba Granja-Extra B-1 Kg','1.00','0.00','0.00','0.00','0.00','12','0'
'131','8436016095037','Alubias Fabada Granja Imp-Extra - 25 Kg','Alubias Fabada Granja I-Extra A-Saco 25 Kg (sin envase)','25.00','0.00','0.00','0.00','0.00','12','0'
'132','18436016090143','Agrupación faba granja "Orbayu"500gr','Caja faba granja orbayu 18 udx500gr (12 uds x700gr)','9.00','0.00','0.00','0.00','0.00','12','0'
'133','0000000000133','Garbanzo Pedrosillano-1 Kg','Garbanzo Pedrosillano-1Kg','1.00','0.00','0.00','0.00','0.00','31','0'
'134','0000000000134','Alubia Roxa Asturiana. Bolsa 1 Kg.','Alubia Roxa-1Kg','1.00','1.00','0.00','0.00','0.00','15','0'
'135','0000000000135','Alubias fabada granja I-Primera-1Kg','Alubias fabada granja I-Primera 1Kg','1.00','0.00','0.00','0.00','0.02','12','0'
'136','0000000000136','GARBANZO KABULI- SACO 15 Kg PV','GARBANZO KABULI- SACO 15 Kg PV','15.00','286.00','0.00','0.93','0.00','31','1'
'137','0000000000137','Faba verdina asturiana extra- saquete 0.5 Kg','Faba verdina asturiana extra-saquete 0.5 Kg','0.50','0.00','0.00','0.00','0.00','14','0'
'138','0000000000138','Alubias fabada granja I-extra-Bolsa 1 Kg','Bolsa plástico con etiqueta faba granja I- Extra 1Kg','1.00','740.00','0.00','0.00','0.00','12','0'
'139','18436016098004','Agrupación preparado fabada Asturiana (2-3 rac)','caja preparado fabada (2-3 rac)','4.50','17.00','0.00','0.00','0.00','8','0'
'140','0000000000140','Bolsa Frijol Negrito 1 Kg.','Bolsa Frijol Negrito 1 Kg.','1.00','25.00','0.00','0.00','0.00','23','0'
'141','0000000000141','Estuche faba verdina "Tierrina Vaqueira"- 500 gr','Estuche faba verdina "Tierrina Vaqueira"- 500 gr','0.50','0.00','144.00','0.00','0.75','14','0'
'142','28436016090098','Agrupación faba verdina "Tierrina Vaqueira"-500 gr x 24 ud','Caja expositor faba verdina "Tierrina Vaqueira" 24 ud x 500 gr','12.00','6.00','0.00','0.00','0.00','14','0'
'143','0000000000143','Faba Verdina Asturiana Extra-Bolsa 1 Kg','Faba Verdina Asturiana Extra-Bolsa 1 Kg','1.00','65.00','0.00','0.00','3.75','14','0'
'144','0000000000144','Alubias fabada granja I-extra (promoción sin cargo)- 1Kg','Alubias fabada granja I-extra (promoción sin cargo)- 1Kg','1.00','20.00','0.00','0.00','0.00','12','0'
'145','0000000000145','Alubias fabada granja Nacional  1Kg','Alubias fabada granja Nacional (sin envase)','1.00','1.00','0.00','0.00','0.00','12','0'
'146','58436016090143','Agrupación faba granja orbayu 700 gr x 12 Ud','Caja marrón orbayu ( 12x 700) y (18 x 500)','8.40','0.00','0.00','0.00','0.00','12','0'
'147','8436016095006','Alubias Fabada Granja I-Extra ( sin envase)','Alubias Fabada Granja I-Extra ','1.00','0.00','19975.00','0.00','0.00','12','0'
'148','8436016095105','Alubias fabada granja I-Primera A (sin envase)','Alubias fabada granja I-Primera A (Sin envase)','1.00','0.00','2205.00','0.00','0.00','12','0'
'149','8436016095204','Alubias fabada granja I-Primera (sin envase)','Alubias fabada granja I-Primera (sin envase)','1.00','0.00','800.00','0.00','0.00','12','0'
'150','8436016095006','Alubias Fabada Granja I-Segunda (sin envase)','Alubias Fabada Granja I-Segunda (sin envase)','1.00','0.00','2225.00','0.00','0.00','12','0'
'151','8436016095402','Alubias Fabada Granja Nacional-Extra (sin envase)','Alubias Fabada Granja Nacional-Extra (sin envase)','1.00','0.00','0.00','0.00','0.00','12','0'
'152','8436016095501','Alubias Fabada Granja Nacional -Primera A (sin envase)','Alubias Fabada Granja Nacional -Primera A (sin envase)','1.00','0.00','0.00','0.00','0.00','12','0'
'153','0000024050173','Saquete "Orbayu" Alubias Fabada Granja I-Extra-700g (aldi)','Saquete "Orbayu" Alubias Fabada Granja I-Extra-700g (aldi)','0.70','0.00','0.00','0.00','0.00','12','0'
'154','0000000000154','Alubia Cena de cura (sin envase)','Alubia Cena de cura (sin envase)','1.00','0.00','50.00','0.00','0.00','15','0'
'155','0000000000155','Alubia Cena del cura -25Kg','Alubia Cena del cura -25Kg','25.00','2.00','0.00','0.00','0.00','15','1'
'156','48436016095004','ALUBIAS FABADA GRANJA I-EXTRA (25KG)','ALUBIAS FABADA GRANJA I-EXTRA (25KG)blancos','25.00','779.00','0.00','0.00','0.00','12','1'
'157','18436016095003','ALUBIAS FABADA GRANJA I-EXTRA (saco 5KG)','ALUBIAS FABADA GRANJA I-EXTRA (saco 5KG)','5.00','0.00','0.00','0.00','0.00','12','1'
'158','28436016095000','ALUBIAS FABADA GRANJA I-EXTRA (saco 10 KG)','ALUBIAS FABADA GRANJA I-EXTRA (saco 10 KG)','10.00','0.00','0.00','0.00','0.00','12','0'
'159','38436016095007','ALUBIAS FABADA GRANJA I-EXTRA (saco 15 KG)','ALUBIAS FABADA GRANJA I-EXTRA (saco 15 KG)','15.00','30.00','0.00','0.00','0.00','12','1'
'160','18436016095102','ALUBIAS FABADA GRANJA I-PRIMERA A (5 KG)','ALUBIAS FABADA GRANJA I-PRIMERA A (5 KG)','5.00','0.00','0.00','0.00','0.00','12','1'
'161','28436016095109','ALUBIAS FABADA GRANJA I-PRIMERA A (10 KG)','ALUBIAS FABADA GRANJA I-PRIMERA A (10 KG)','10.00','0.00','0.00','0.00','0.00','12','1'
'162','38436016095106','ALUBIAS FABADA GRANJA I-PRIMERA A (15 KG)','ALUBIAS FABADA GRANJA I-PRIMERA A (15 KG)','15.00','127.00','0.00','0.00','0.00','12','1'
'163','48436016095103','ALUBIAS FABADA GRANJA I-PRIMERA A (25 KG)','ALUBIAS FABADA GRANJA I-PRIMERA A (25 KG)','25.00','12.00','0.00','0.00','0.00','12','1'
'164','18436016095201','ALUBIAS FABADA GRANJA I-PRIMERA (5 KG)','ALUBIAS FABADA GRANJA I-PRIMERA (5 KG)','5.00','0.00','0.00','0.00','0.00','12','0'
'165','28436016095208','ALUBIAS FABADA GRANJA I-PRIMERA (10 KG)','ALUBIAS FABADA GRANJA I-PRIMERA (10 KG)','10.00','0.00','0.00','0.00','0.00','12','1'
'166','38436016095205','ALUBIAS FABADA GRANJA I-PRIMERA (15 KG)','ALUBIAS FABADA GRANJA I-PRIMERA (15 KG)','15.00','0.00','0.00','0.00','0.00','12','1'
'167','48436016095202','ALUBIAS FABADA GRANJA I-PRIMERA (25 KG)','ALUBIAS FABADA GRANJA I-PRIMERA (25 KG)','25.00','32.00','0.00','0.00','0.00','12','1'
'168','18436016095300','ALUBIAS FABADA GRANJA I-SEGUNDA (5 KG)','ALUBIAS FABADA GRANJA I-SEGUNDA (5 KG)','5.00','0.00','0.00','0.00','0.00','12','0'
'169','28436016095307','ALUBIAS FABADA GRANJA I- SEGUNDA (saco 10 KG)','ALUBIAS FABADA GRANJA I- SEGUNDA (saco 10 KG)','10.00','0.00','0.00','0.00','0.00','12','1'
'170','38436016095304','ALUBIAS FABADA GRANJA I- SEGUNDA (saco 15 KG)','ALUBIAS FABADA GRANJA I- SEGUNDA (saco 15 KG)','15.00','0.00','0.00','0.00','0.00','12','1'
'171','48436016095301','ALUBIAS FABADA GRANJA I- SEGUNDA (saco 25 KG)','ALUBIAS FABADA GRANJA I- SEGUNDA (saco 25 KG)','25.00','89.00','0.00','0.00','0.00','12','1'
'172','8436016095402','ALUBIAS FABADA GRANJA NACIONAL- EXTRA (SIN ENVASE)','ALUBIAS FABADA GRANJA NACIONAL- EXTRA (SIN ENVASE)','1.00','0.00','85.00','0.00','0.00','12','0'
'173','1843601609540','ALUBIAS FABADA GRANJA NACIONAL- EXTRA (5 KG)','ALUBIAS FABADA GRANJA NACIONAL- EXTRA (5 KG)','5.00','0.00','0.00','0.00','0.00','12','1'
'174','28436016095406','ALUBIAS FABADA GRANJA NACIONAL- EXTRA (10 KG)','ALUBIAS FABADA GRANJA NACIONAL- EXTRA (10 KG)','10.00','0.00','0.00','0.00','0.00','12','0'
'175','38436016095403','ALUBIAS FABADA GRANJA NACIONAL- EXTRA (15 KG)','ALUBIAS FABADA GRANJA NACIONAL- EXTRA (15 KG)','15.00','0.00','0.00','0.00','0.00','12','0'
'176','48436016095400','ALUBIAS FABADA GRANJA NACIONAL-EXTRA (25 KG)','ALUBIAS FABADA GRANJA NACIONAL-EXTRA (25 KG)','25.00','0.00','0.00','0.00','0.00','12','1'
'177','8436016095709','ALUBIAS FABADA VERDINA ASTURIANA (SIN ENVASE)','ALUBIAS FABADA VERDINA ASTURIANA (SIN ENVASE)','1.00','0.00','-20.00','0.00','0.00','14','0'
'178','0000000000178','ALUBIAS "ESPECIALES PARA FABADA" Saco 25 Kg- Cat. Extra.-Nacional','ALUBIAS "ESPECIALES PARA FABADA" Saco 25 Kg- Cat. Extra.-Nacional','25.00','0.00','0.00','0.00','0.00','12','1'
'179','0000000000179','Frijol Negrito Extra (sin envase)','Frijol Negrito Extra (sin envase)','1.00','0.00','615.00','0.00','0.00','23','0'
'180','18436016095706','ALUBIAS FABADA VERDINA- EXTRA (5 KG)','ALUBIAS FABADA VERDINA- EXTRA (5 KG)','5.00','0.00','0.00','0.00','0.00','14','1'
'181','0000000000181','Saco Judión Grande 25 Kg PV','Saco Judión Grande 25 Kg PV','25.00','4.00','0.00','0.00','0.00','29','1'
'182','0000000000182','JUDION GRANJA (SIN ENVASE)','','1.00','0.00','200.00','0.00','0.00','29','1'
'183','0000000000183','JUDION GRANJA SACO 15 KG','JUDION GRANJA SACO 15 KG','15.00','0.00','0.00','0.00','0.00','29','1'
'184','0000000000184','JUDION GRANJA SACO 25 KG','JUDION GRANJA SACO 25 KG','25.00','8.00','0.00','0.00','0.00','29','1'
'185','0000000000185','Garbanzo Pedrosillano Nacional Extra- 1Kg','Garbanzo Pedrosillano Nacional Extra- 1Kg','1.00','25.00','0.00','0.00','0.02','31','1'
